Date,Time,vehicle_id,round_id,Status,Location
2025/7/14,08:00:00,V001,round1,從 起點 出發,"24.14690, 120.68390"
2025/7/14,08:00:00,V001,round1,抵達 P001,"24.14600, 120.68400"
2025/7/14,08:01:00,V001,round1,配送中 (P001),"24.14600, 120.68400"
2025/7/14,08:02:00,V001,round1,配送中 (P001),"24.14600, 120.68400"
2025/7/14,08:03:00,V001,round1,配送中 (P001),"24.14600, 120.68400"
2025/7/14,08:05:00,V001,round1,從 P001 出發,"24.14600, 120.68400"
2025/7/14,08:06:00,V001,round1,移動中,"24.14419, 120.68593"
2025/7/14,08:07:00,V001,round1,移動中,"24.14007, 120.68587"
2025/7/14,08:08:00,V001,round1,抵達 P026,"24.13680, 120.68610"
2025/7/14,08:09:00,V001,round1,配送中 (P026),"24.13680, 120.68610"
2025/7/14,08:10:00,V001,round1,配送中 (P026),"24.13680, 120.68610"
2025/7/14,08:11:00,V001,round1,配送中 (P026),"24.13680, 120.68610"
2025/7/14,08:13:00,V001,round1,從 P026 出發,"24.13680, 120.68610"
2025/7/14,08:14:00,V001,round1,移動中,"24.13634, 120.68757"
2025/7/14,08:15:00,V001,round1,移動中,"24.13584, 120.69013"
2025/7/14,08:16:00,V001,round1,移動中,"24.13481, 120.69268"
2025/7/14,08:17:00,V001,round1,抵達 P013,"24.13570, 120.69530"
2025/7/14,08:18:00,V001,round1,配送中 (P013),"24.13570, 120.69530"
2025/7/14,08:19:00,V001,round1,配送中 (P013),"24.13570, 120.69530"
2025/7/14,08:20:00,V001,round1,配送中 (P013),"24.13570, 120.69530"
2025/7/14,08:22:00,V001,round1,從 P013 出發,"24.13570, 120.69530"
2025/7/14,08:23:00,V001,round1,抵達 P049,"24.13720, 120.69550"
2025/7/14,08:24:00,V001,round1,配送中 (P049),"24.13720, 120.69550"
2025/7/14,08:25:00,V001,round1,配送中 (P049),"24.13720, 120.69550"
2025/7/14,08:26:00,V001,round1,配送中 (P049),"24.13720, 120.69550"
2025/7/14,08:28:00,V001,round1,從 P049 出發,"24.13720, 120.69550"
2025/7/14,08:29:00,V001,round1,移動中,"24.13342, 120.69426"
2025/7/14,08:30:00,V001,round1,移動中,"24.13055, 120.69022"
2025/7/14,08:31:00,V001,round1,抵達 P028,"24.12500, 120.69000"
2025/7/14,08:32:00,V001,round1,配送中 (P028),"24.12500, 120.69000"
2025/7/14,08:33:00,V001,round1,配送中 (P028),"24.12500, 120.69000"
2025/7/14,08:34:00,V001,round1,配送中 (P028),"24.12500, 120.69000"
2025/7/14,08:36:00,V001,round1,從 P028 出發,"24.12500, 120.69000"
2025/7/14,08:37:00,V001,round1,移動中,"24.12325, 120.68867"
2025/7/14,08:38:00,V001,round1,移動中,"24.12282, 120.68562"
2025/7/14,08:39:00,V001,round1,移動中,"24.12234, 120.68316"
2025/7/14,08:40:00,V001,round1,移動中,"24.12235, 120.67997"
2025/7/14,08:41:00,V001,round1,移動中,"24.12409, 120.67850"
2025/7/14,08:42:00,V001,round1,移動中,"24.12414, 120.67531"
2025/7/14,08:43:00,V001,round1,抵達 P012,"24.12160, 120.67520"
2025/7/14,08:44:00,V001,round1,配送中 (P012),"24.12160, 120.67520"
2025/7/14,08:45:00,V001,round1,配送中 (P012),"24.12160, 120.67520"
2025/7/14,08:46:00,V001,round1,配送中 (P012),"24.12160, 120.67520"
2025/7/14,08:48:00,V001,round1,從 P012 出發,"24.12160, 120.67520"
2025/7/14,08:49:00,V001,round1,移動中,"24.12579, 120.67518"
2025/7/14,08:50:00,V001,round1,移動中,"24.12647, 120.67164"
2025/7/14,08:51:00,V001,round1,移動中,"24.12883, 120.66891"
2025/7/14,08:52:00,V001,round1,移動中,"24.13260, 120.66702"
2025/7/14,08:53:00,V001,round1,移動中,"24.13653, 120.66576"
2025/7/14,08:54:00,V001,round1,移動中,"24.14013, 120.66515"
2025/7/14,08:55:00,V001,round1,移動中,"24.14090, 120.66169"
2025/7/14,08:56:00,V001,round1,抵達 P047,"24.14470, 120.66120"
2025/7/14,08:57:00,V001,round1,配送中 (P047),"24.14470, 120.66120"
2025/7/14,08:58:00,V001,round1,配送中 (P047),"24.14470, 120.66120"
2025/7/14,08:59:00,V001,round1,配送中 (P047),"24.14470, 120.66120"
2025/7/14,09:01:00,V001,round1,從 P047 出發,"24.14470, 120.66120"
2025/7/14,09:02:00,V001,round1,移動中,"24.14670, 120.65873"
2025/7/14,09:03:00,V001,round1,移動中,"24.14672, 120.65332"
2025/7/14,09:04:00,V001,round1,抵達 P029,"24.14500, 120.65000"
2025/7/14,09:05:00,V001,round1,配送中 (P029),"24.14500, 120.65000"
2025/7/14,09:06:00,V001,round1,配送中 (P029),"24.14500, 120.65000"
2025/7/14,09:07:00,V001,round1,配送中 (P029),"24.14500, 120.65000"
2025/7/14,09:09:00,V001,round1,從 P029 出發,"24.14500, 120.65000"
2025/7/14,09:10:00,V001,round1,移動中,"24.14678, 120.64753"
2025/7/14,09:11:00,V001,round1,移動中,"24.15037, 120.64687"
2025/7/14,09:12:00,V001,round1,移動中,"24.15464, 120.64692"
2025/7/14,09:13:00,V001,round1,移動中,"24.15752, 120.64524"
2025/7/14,09:14:00,V001,round1,移動中,"24.15962, 120.64153"
2025/7/14,09:15:00,V001,round1,抵達 P003,"24.16200, 120.63950"
2025/7/14,09:16:00,V001,round1,配送中 (P003),"24.16200, 120.63950"
2025/7/14,09:17:00,V001,round1,配送中 (P003),"24.16200, 120.63950"
2025/7/14,09:18:00,V001,round1,配送中 (P003),"24.16200, 120.63950"
2025/7/14,09:20:00,V001,round1,從 P003 出發,"24.16200, 120.63950"
2025/7/14,09:20:00,V001,round1,抵達 P002,"24.16250, 120.63900"
2025/7/14,09:21:00,V001,round1,配送中 (P002),"24.16250, 120.63900"
2025/7/14,09:22:00,V001,round1,配送中 (P002),"24.16250, 120.63900"
2025/7/14,09:23:00,V001,round1,配送中 (P002),"24.16250, 120.63900"
2025/7/14,09:25:00,V001,round1,從 P002 出發,"24.16250, 120.63900"
2025/7/14,09:26:00,V001,round1,移動中,"24.16143, 120.63681"
2025/7/14,09:27:00,V001,round1,移動中,"24.15836, 120.63623"
2025/7/14,09:28:00,V001,round1,移動中,"24.15725, 120.63424"
2025/7/14,09:29:00,V001,round1,移動中,"24.15566, 120.63278"
2025/7/14,09:30:00,V001,round1,抵達 P031,"24.15500, 120.63000"
2025/7/14,09:31:00,V001,round1,配送中 (P031),"24.15500, 120.63000"
2025/7/14,09:32:00,V001,round1,配送中 (P031),"24.15500, 120.63000"
2025/7/14,09:33:00,V001,round1,配送中 (P031),"24.15500, 120.63000"
2025/7/14,09:35:00,V001,round1,從 P031 出發,"24.15500, 120.63000"
2025/7/14,09:36:00,V001,round1,移動中,"24.15303, 120.62766"
2025/7/14,09:37:00,V001,round1,移動中,"24.15227, 120.62437"
2025/7/14,09:38:00,V001,round1,移動中,"24.15017, 120.62247"
2025/7/14,09:39:00,V001,round1,移動中,"24.15323, 120.61950"
2025/7/14,09:40:00,V001,round1,移動中,"24.15366, 120.61530"
2025/7/14,09:41:00,V001,round1,移動中,"24.15476, 120.61118"
2025/7/14,09:42:00,V001,round1,移動中,"24.15731, 120.60855"
2025/7/14,09:43:00,V001,round1,移動中,"24.16123, 120.60762"
2025/7/14,09:44:00,V001,round1,抵達 P033,"24.16500, 120.61000"
2025/7/14,09:45:00,V001,round1,配送中 (P033),"24.16500, 120.61000"
2025/7/14,09:46:00,V001,round1,配送中 (P033),"24.16500, 120.61000"
2025/7/14,09:47:00,V001,round1,配送中 (P033),"24.16500, 120.61000"
2025/7/14,09:49:00,V001,round1,從 P033 出發,"24.16500, 120.61000"
2025/7/14,09:50:00,V001,round1,移動中,"24.16122, 120.60761"
2025/7/14,09:51:00,V001,round1,移動中,"24.16086, 120.60483"
2025/7/14,09:52:00,V001,round1,移動中,"24.16051, 120.60177"
2025/7/14,09:53:00,V001,round1,移動中,"24.16278, 120.59934"
2025/7/14,09:54:00,V001,round1,移動中,"24.16345, 120.59512"
2025/7/14,09:55:00,V001,round1,移動中,"24.16526, 120.59128"
2025/7/14,09:56:00,V001,round1,移動中,"24.16783, 120.58942"
2025/7/14,09:57:00,V001,round1,移動中,"24.17187, 120.59035"
2025/7/14,09:58:00,V001,round1,抵達 P035,"24.17500, 120.59000"
2025/7/14,09:59:00,V001,round1,配送中 (P035),"24.17500, 120.59000"
2025/7/14,10:00:00,V001,round1,配送中 (P035),"24.17500, 120.59000"
2025/7/14,10:01:00,V001,round1,配送中 (P035),"24.17500, 120.59000"
2025/7/14,10:03:00,V001,round1,從 P035 出發,"24.17500, 120.59000"
2025/7/14,10:04:00,V001,round1,移動中,"24.17364, 120.58589"
2025/7/14,10:05:00,V001,round1,移動中,"24.17358, 120.58288"
2025/7/14,10:06:00,V001,round1,移動中,"24.17649, 120.58039"
2025/7/14,10:07:00,V001,round1,移動中,"24.17758, 120.57622"
2025/7/14,10:08:00,V001,round1,移動中,"24.18075, 120.57456"
2025/7/14,10:09:00,V001,round1,移動中,"24.18420, 120.57383"
2025/7/14,10:10:00,V001,round1,抵達 P037,"24.18500, 120.57000"
2025/7/14,10:11:00,V001,round1,配送中 (P037),"24.18500, 120.57000"
2025/7/14,10:12:00,V001,round1,配送中 (P037),"24.18500, 120.57000"
2025/7/14,10:13:00,V001,round1,配送中 (P037),"24.18500, 120.57000"
2025/7/14,10:15:00,V001,round1,從 P037 出發,"24.18500, 120.57000"
2025/7/14,10:16:00,V001,round1,移動中,"24.18163, 120.57427"
2025/7/14,10:17:00,V001,round1,移動中,"24.18545, 120.57311"
2025/7/14,10:18:00,V001,round1,移動中,"24.18756, 120.57026"
2025/7/14,10:19:00,V001,round1,移動中,"24.18883, 120.56813"
2025/7/14,10:20:00,V001,round1,移動中,"24.19026, 120.56397"
2025/7/14,10:21:00,V001,round1,移動中,"24.19302, 120.55933"
2025/7/14,10:22:00,V001,round1,移動中,"24.19584, 120.55543"
2025/7/14,10:23:00,V001,round1,移動中,"24.19637, 120.55002"
2025/7/14,10:24:00,V001,round1,移動中,"24.19291, 120.54734"
2025/7/14,10:25:00,V001,round1,移動中,"24.19251, 120.54328"
2025/7/14,10:26:00,V001,round1,移動中,"24.19453, 120.53929"
2025/7/14,10:27:00,V001,round1,抵達 P040,"24.20000, 120.54000"
2025/7/14,10:28:00,V001,round1,配送中 (P040),"24.20000, 120.54000"
2025/7/14,10:29:00,V001,round1,配送中 (P040),"24.20000, 120.54000"
2025/7/14,10:30:00,V001,round1,配送中 (P040),"24.20000, 120.54000"
2025/7/14,10:32:00,V001,round1,從 P040 出發,"24.20000, 120.54000"
2025/7/14,10:33:00,V001,round1,移動中,"24.19449, 120.53929"
2025/7/14,10:34:00,V001,round1,移動中,"24.19249, 120.54335"
2025/7/14,10:35:00,V001,round1,移動中,"24.19286, 120.54745"
2025/7/14,10:36:00,V001,round1,移動中,"24.19635, 120.55016"
2025/7/14,10:37:00,V001,round1,移動中,"24.19589, 120.55560"
2025/7/14,10:38:00,V001,round1,移動中,"24.19289, 120.55950"
2025/7/14,10:39:00,V001,round1,移動中,"24.19015, 120.56420"
2025/7/14,10:40:00,V001,round1,移動中,"24.18877, 120.56840"
2025/7/14,10:41:00,V001,round1,移動中,"24.18766, 120.57056"
2025/7/14,10:42:00,V001,round1,移動中,"24.18521, 120.57337"
2025/7/14,10:43:00,V001,round1,移動中,"24.18656, 120.57773"
2025/7/14,10:44:00,V001,round1,移動中,"24.19014, 120.58185"
2025/7/14,10:45:00,V001,round1,移動中,"24.19275, 120.58666"
2025/7/14,10:46:00,V001,round1,移動中,"24.19164, 120.59202"
2025/7/14,10:47:00,V001,round1,移動中,"24.19143, 120.59728"
2025/7/14,10:48:00,V001,round1,移動中,"24.19238, 120.60258"
2025/7/14,10:49:00,V001,round1,移動中,"24.19227, 120.60766"
2025/7/14,10:50:00,V001,round1,移動中,"24.19019, 120.61276"
2025/7/14,10:51:00,V001,round1,移動中,"24.18816, 120.61786"
2025/7/14,10:52:00,V001,round1,移動中,"24.18595, 120.62290"
2025/7/14,10:53:00,V001,round1,移動中,"24.18405, 120.62805"
2025/7/14,10:54:00,V001,round1,移動中,"24.18260, 120.63336"
2025/7/14,10:55:00,V001,round1,移動中,"24.18052, 120.63839"
2025/7/14,10:56:00,V001,round1,移動中,"24.17819, 120.64289"
2025/7/14,10:57:00,V001,round1,抵達 P009,"24.17860, 120.64730"
2025/7/14,10:58:00,V001,round1,配送中 (P009),"24.17860, 120.64730"
2025/7/14,10:59:00,V001,round1,配送中 (P009),"24.17860, 120.64730"
2025/7/14,11:00:00,V001,round1,配送中 (P009),"24.17860, 120.64730"
2025/7/14,11:02:00,V001,round1,從 P009 出發,"24.17860, 120.64730"
2025/7/14,11:03:00,V001,round1,移動中,"24.17735, 120.64515"
2025/7/14,11:04:00,V001,round1,移動中,"24.17376, 120.64455"
2025/7/14,11:05:00,V001,round1,移動中,"24.17060, 120.64715"
2025/7/14,11:06:00,V001,round1,移動中,"24.16752, 120.64988"
2025/7/14,11:07:00,V001,round1,移動中,"24.16616, 120.65372"
2025/7/14,11:08:00,V001,round1,移動中,"24.16501, 120.65767"
2025/7/14,11:09:00,V001,round1,移動中,"24.16385, 120.66162"
2025/7/14,11:10:00,V001,round1,移動中,"24.16138, 120.66465"
2025/7/14,11:11:00,V001,round1,抵達 P011,"24.15790, 120.66680"
2025/7/14,11:12:00,V001,round1,配送中 (P011),"24.15790, 120.66680"
2025/7/14,11:13:00,V001,round1,配送中 (P011),"24.15790, 120.66680"
2025/7/14,11:14:00,V001,round1,配送中 (P011),"24.15790, 120.66680"
2025/7/14,11:16:00,V001,round1,從 P011 出發,"24.15790, 120.66680"
2025/7/14,11:17:00,V001,round1,移動中,"24.15723, 120.67009"
2025/7/14,11:18:00,V001,round1,移動中,"24.16091, 120.67051"
2025/7/14,11:19:00,V001,round1,移動中,"24.16284, 120.67270"
2025/7/14,11:20:00,V001,round1,移動中,"24.16314, 120.67677"
2025/7/14,11:21:00,V001,round1,移動中,"24.16306, 120.68087"
2025/7/14,11:22:00,V001,round1,移動中,"24.16301, 120.68498"
2025/7/14,11:23:00,V001,round1,移動中,"24.16698, 120.68520"
2025/7/14,11:24:00,V001,round1,移動中,"24.17108, 120.68543"
2025/7/14,11:25:00,V001,round1,移動中,"24.17517, 120.68577"
2025/7/14,11:26:00,V001,round1,抵達 P007,"24.17650, 120.68430"
2025/7/14,11:27:00,V001,round1,配送中 (P007),"24.17650, 120.68430"
2025/7/14,11:28:00,V001,round1,配送中 (P007),"24.17650, 120.68430"
2025/7/14,11:29:00,V001,round1,配送中 (P007),"24.17650, 120.68430"
2025/7/14,11:31:00,V001,round1,從 P007 出發,"24.17650, 120.68430"
2025/7/14,11:32:00,V001,round1,移動中,"24.17462, 120.68562"
2025/7/14,11:33:00,V001,round1,移動中,"24.17188, 120.68744"
2025/7/14,11:34:00,V001,round1,移動中,"24.17056, 120.69128"
2025/7/14,11:35:00,V001,round1,移動中,"24.16678, 120.69381"
2025/7/14,11:36:00,V001,round1,移動中,"24.16296, 120.69300"
2025/7/14,11:37:00,V001,round1,移動中,"24.15934, 120.69437"
2025/7/14,11:38:00,V001,round1,移動中,"24.15478, 120.69436"
2025/7/14,11:39:00,V001,round1,移動中,"24.15023, 120.69431"
2025/7/14,11:40:00,V001,round1,移動中,"24.14567, 120.69437"
2025/7/14,11:41:00,V001,round1,移動中,"24.14143, 120.69533"
2025/7/14,11:42:00,V001,round1,移動中,"24.13888, 120.69811"
2025/7/14,11:43:00,V001,round1,移動中,"24.13891, 120.70267"
2025/7/14,11:44:00,V001,round1,移動中,"24.13662, 120.70651"
2025/7/14,11:45:00,V001,round1,移動中,"24.13458, 120.71058"
2025/7/14,11:46:00,V001,round1,移動中,"24.13340, 120.71490"
2025/7/14,11:47:00,V001,round1,移動中,"24.13038, 120.71729"
2025/7/14,11:48:00,V001,round1,抵達 P018,"24.13050, 120.72010"
2025/7/14,11:49:00,V001,round1,配送中 (P018),"24.13050, 120.72010"
2025/7/14,11:50:00,V001,round1,配送中 (P018),"24.13050, 120.72010"
2025/7/14,11:51:00,V001,round1,配送中 (P018),"24.13050, 120.72010"
2025/7/14,11:53:00,V001,round1,從 P018 出發,"24.13050, 120.72010"
2025/7/14,11:54:00,V001,round1,移動中,"24.13063, 120.71720"
2025/7/14,11:55:00,V001,round1,移動中,"24.13338, 120.71437"
2025/7/14,11:56:00,V001,round1,移動中,"24.13497, 120.70988"
2025/7/14,11:57:00,V001,round1,移動中,"24.13730, 120.70571"
2025/7/14,11:58:00,V001,round1,移動中,"24.13891, 120.70134"
2025/7/14,11:59:00,V001,round1,移動中,"24.13897, 120.69661"
2025/7/14,12:00:00,V001,round1,移動中,"24.14275, 120.69417"
2025/7/14,12:01:00,V001,round1,移動中,"24.14289, 120.68935"
2025/7/14,12:02:00,V001,round1,移動中,"24.14447, 120.68624"
2025/7/14,12:03:00,V001,round1,抵達 起點,"24.14690, 120.68390"
2025/7/14,12:04:00,V001,round1,休息中,"24.14690, 120.68390"
2025/7/14,12:05:00,V001,round1,休息中,"24.14690, 120.68390"
2025/7/14,12:06:00,V001,round1,休息中,"24.14690, 120.68390"
2025/7/14,12:07:00,V001,round1,休息中,"24.14690, 120.68390"
2025/7/14,12:08:00,V001,round1,休息中,"24.14690, 120.68390"
2025/7/14,12:09:00,V001,round1,休息中,"24.14690, 120.68390"
2025/7/14,12:10:00,V001,round1,休息中,"24.14690, 120.68390"
2025/7/14,12:11:00,V001,round1,休息中,"24.14690, 120.68390"
2025/7/14,12:12:00,V001,round1,休息中,"24.14690, 120.68390"
2025/7/14,12:13:00,V001,round1,休息中,"24.14690, 120.68390"
2025/7/14,12:14:00,V001,round1,休息中,"24.14690, 120.68390"
2025/7/14,12:15:00,V001,round1,休息中,"24.14690, 120.68390"
2025/7/14,12:16:00,V001,round1,休息中,"24.14690, 120.68390"
2025/7/14,12:17:00,V001,round1,休息中,"24.14690, 120.68390"
2025/7/14,12:18:00,V001,round1,休息中,"24.14690, 120.68390"
2025/7/14,12:19:00,V001,round1,休息中,"24.14690, 120.68390"
2025/7/14,12:20:00,V001,round1,休息中,"24.14690, 120.68390"
2025/7/14,12:21:00,V001,round1,休息中,"24.14690, 120.68390"
2025/7/14,12:22:00,V001,round1,休息中,"24.14690, 120.68390"
2025/7/14,12:23:00,V001,round1,休息中,"24.14690, 120.68390"
2025/7/14,12:24:00,V001,round1,休息中,"24.14690, 120.68390"
2025/7/14,12:25:00,V001,round1,休息中,"24.14690, 120.68390"
2025/7/14,12:26:00,V001,round1,休息中,"24.14690, 120.68390"
2025/7/14,12:27:00,V001,round1,休息中,"24.14690, 120.68390"
2025/7/14,12:28:00,V001,round1,休息中,"24.14690, 120.68390"
2025/7/14,12:29:00,V001,round1,休息中,"24.14690, 120.68390"
2025/7/14,12:30:00,V001,round1,休息中,"24.14690, 120.68390"
2025/7/14,12:31:00,V001,round1,休息中,"24.14690, 120.68390"
2025/7/14,12:32:00,V001,round1,休息中,"24.14690, 120.68390"
2025/7/14,12:33:00,V001,round1,休息中,"24.14690, 120.68390"
2025/7/14,12:34:00,V001,round1,休息中,"24.14690, 120.68390"
2025/7/14,12:35:00,V001,round1,休息中,"24.14690, 120.68390"
2025/7/14,12:36:00,V001,round1,休息中,"24.14690, 120.68390"
2025/7/14,12:37:00,V001,round1,休息中,"24.14690, 120.68390"
2025/7/14,12:38:00,V001,round1,休息中,"24.14690, 120.68390"
2025/7/14,12:39:00,V001,round1,休息中,"24.14690, 120.68390"
2025/7/14,12:40:00,V001,round1,休息中,"24.14690, 120.68390"
2025/7/14,12:41:00,V001,round1,休息中,"24.14690, 120.68390"
2025/7/14,12:42:00,V001,round1,休息中,"24.14690, 120.68390"
2025/7/14,12:43:00,V001,round1,休息中,"24.14690, 120.68390"
2025/7/14,12:44:00,V001,round1,休息中,"24.14690, 120.68390"
2025/7/14,12:45:00,V001,round1,休息中,"24.14690, 120.68390"
2025/7/14,12:46:00,V001,round1,休息中,"24.14690, 120.68390"
2025/7/14,12:47:00,V001,round1,休息中,"24.14690, 120.68390"
2025/7/14,12:48:00,V001,round1,休息中,"24.14690, 120.68390"
2025/7/14,12:49:00,V001,round1,休息中,"24.14690, 120.68390"
2025/7/14,12:50:00,V001,round1,休息中,"24.14690, 120.68390"
2025/7/14,12:51:00,V001,round1,休息中,"24.14690, 120.68390"
2025/7/14,12:52:00,V001,round1,休息中,"24.14690, 120.68390"
2025/7/14,12:53:00,V001,round1,休息中,"24.14690, 120.68390"
2025/7/14,12:54:00,V001,round1,休息中,"24.14690, 120.68390"
2025/7/14,12:55:00,V001,round1,休息中,"24.14690, 120.68390"
2025/7/14,12:56:00,V001,round1,休息中,"24.14690, 120.68390"
2025/7/14,12:57:00,V001,round1,休息中,"24.14690, 120.68390"
2025/7/14,12:58:00,V001,round1,休息中,"24.14690, 120.68390"
2025/7/14,12:59:00,V001,round1,休息中,"24.14690, 120.68390"
2025/7/14,13:00:00,V001,round1,休息中,"24.14690, 120.68390"
2025/7/14,13:01:00,V001,round1,休息中,"24.14690, 120.68390"
2025/7/14,13:02:00,V001,round1,休息中,"24.14690, 120.68390"
2025/7/14,13:03:00,V001,round1,休息中,"24.14690, 120.68390"
2025/7/14,13:04:00,V001,round1,休息中,"24.14690, 120.68390"
2025/7/14,13:05:00,V001,round1,休息中,"24.14690, 120.68390"
2025/7/14,13:06:00,V001,round1,休息中,"24.14690, 120.68390"
2025/7/14,13:07:00,V001,round1,休息中,"24.14690, 120.68390"
2025/7/14,13:08:00,V001,round1,休息中,"24.14690, 120.68390"
2025/7/14,13:09:00,V001,round1,休息中,"24.14690, 120.68390"
2025/7/14,13:10:00,V001,round1,休息中,"24.14690, 120.68390"
2025/7/14,13:11:00,V001,round1,休息中,"24.14690, 120.68390"
2025/7/14,13:12:00,V001,round1,休息中,"24.14690, 120.68390"
2025/7/14,13:13:00,V001,round1,休息中,"24.14690, 120.68390"
2025/7/14,13:14:00,V001,round1,休息中,"24.14690, 120.68390"
2025/7/14,13:15:00,V001,round1,休息中,"24.14690, 120.68390"
2025/7/14,13:16:00,V001,round1,休息中,"24.14690, 120.68390"
2025/7/14,13:17:00,V001,round1,休息中,"24.14690, 120.68390"
2025/7/14,13:18:00,V001,round1,休息中,"24.14690, 120.68390"
2025/7/14,13:19:00,V001,round1,休息中,"24.14690, 120.68390"
2025/7/14,13:20:00,V001,round1,休息中,"24.14690, 120.68390"
2025/7/14,13:21:00,V001,round1,休息中,"24.14690, 120.68390"
2025/7/14,13:22:00,V001,round1,休息中,"24.14690, 120.68390"
2025/7/14,13:23:00,V001,round1,休息中,"24.14690, 120.68390"
2025/7/14,13:24:00,V001,round1,休息中,"24.14690, 120.68390"
2025/7/14,13:25:00,V001,round1,休息中,"24.14690, 120.68390"
2025/7/14,13:26:00,V001,round1,休息中,"24.14690, 120.68390"
2025/7/14,13:27:00,V001,round1,休息中,"24.14690, 120.68390"
2025/7/14,13:28:00,V001,round1,休息中,"24.14690, 120.68390"
2025/7/14,13:29:00,V001,round1,休息中,"24.14690, 120.68390"
2025/7/14,13:30:00,V001,round1,休息中,"24.14690, 120.68390"
2025/7/14,13:31:00,V001,round1,休息中,"24.14690, 120.68390"
2025/7/14,13:32:00,V001,round1,休息中,"24.14690, 120.68390"
2025/7/14,13:33:00,V001,round1,休息中,"24.14690, 120.68390"
2025/7/14,13:34:00,V001,round2,從 起點 出發,"24.14690, 120.68390"
2025/7/14,13:35:00,V001,round2,移動中,"24.14309, 120.68025"
2025/7/14,13:36:00,V001,round2,移動中,"24.14568, 120.67580"
2025/7/14,13:37:00,V001,round2,移動中,"24.14957, 120.67136"
2025/7/14,13:38:00,V001,round2,移動中,"24.15323, 120.66674"
2025/7/14,13:39:00,V001,round2,移動中,"24.15611, 120.66157"
2025/7/14,13:40:00,V001,round2,移動中,"24.15897, 120.65639"
2025/7/14,13:41:00,V001,round2,移動中,"24.16182, 120.65121"
2025/7/14,13:42:00,V001,round2,移動中,"24.16473, 120.64623"
2025/7/14,13:43:00,V001,round2,移動中,"24.16782, 120.64119"
2025/7/14,13:44:00,V001,round2,移動中,"24.17117, 120.63646"
2025/7/14,13:45:00,V001,round2,移動中,"24.17472, 120.63172"
2025/7/14,13:46:00,V001,round2,移動中,"24.17763, 120.62659"
2025/7/14,13:47:00,V001,round2,移動中,"24.18023, 120.62128"
2025/7/14,13:48:00,V001,round2,移動中,"24.18285, 120.61597"
2025/7/14,13:49:00,V001,round2,移動中,"24.18460, 120.61041"
2025/7/14,13:50:00,V001,round2,移動中,"24.18331, 120.60464"
2025/7/14,13:51:00,V001,round2,移動中,"24.18206, 120.59887"
2025/7/14,13:52:00,V001,round2,移動中,"24.18308, 120.59311"
2025/7/14,13:53:00,V001,round2,移動中,"24.18536, 120.58765"
2025/7/14,13:54:00,V001,round2,移動中,"24.18772, 120.58223"
2025/7/14,13:55:00,V001,round2,移動中,"24.18682, 120.57785"
2025/7/14,13:56:00,V001,round2,移動中,"24.18536, 120.57321"
2025/7/14,13:57:00,V001,round2,移動中,"24.18746, 120.56996"
2025/7/14,13:58:00,V001,round2,移動中,"24.18951, 120.56794"
2025/7/14,13:59:00,V001,round2,移動中,"24.19079, 120.56289"
2025/7/14,14:00:00,V001,round2,移動中,"24.19432, 120.55857"
2025/7/14,14:01:00,V001,round2,移動中,"24.19590, 120.55336"
2025/7/14,14:02:00,V001,round2,抵達 P039,"24.19500, 120.55000"
2025/7/14,14:03:00,V001,round2,配送中 (P039),"24.19500, 120.55000"
2025/7/14,14:04:00,V001,round2,配送中 (P039),"24.19500, 120.55000"
2025/7/14,14:05:00,V001,round2,配送中 (P039),"24.19500, 120.55000"
2025/7/14,14:07:00,V001,round2,從 P039 出發,"24.19500, 120.55000"
2025/7/14,14:08:00,V001,round2,移動中,"24.19204, 120.54522"
2025/7/14,14:09:00,V001,round2,移動中,"24.19346, 120.53897"
2025/7/14,14:10:00,V001,round2,移動中,"24.19783, 120.53715"
2025/7/14,14:11:00,V001,round2,移動中,"24.20405, 120.53871"
2025/7/14,14:12:00,V001,round2,移動中,"24.20658, 120.53487"
2025/7/14,14:13:00,V001,round2,移動中,"24.20785, 120.52862"
2025/7/14,14:14:00,V001,round2,移動中,"24.20805, 120.52236"
2025/7/14,14:15:00,V001,round2,抵達 P042,"24.21000, 120.52000"
2025/7/14,14:16:00,V001,round2,配送中 (P042),"24.21000, 120.52000"
2025/7/14,14:17:00,V001,round2,配送中 (P042),"24.21000, 120.52000"
2025/7/14,14:18:00,V001,round2,配送中 (P042),"24.21000, 120.52000"
2025/7/14,14:20:00,V001,round2,從 P042 出發,"24.21000, 120.52000"
2025/7/14,14:21:00,V001,round2,移動中,"24.21192, 120.52034"
2025/7/14,14:22:00,V001,round2,移動中,"24.21258, 120.51828"
2025/7/14,14:23:00,V001,round2,移動中,"24.21323, 120.51623"
2025/7/14,14:24:00,V001,round2,移動中,"24.21386, 120.51417"
2025/7/14,14:25:00,V001,round2,移動中,"24.21453, 120.51212"
2025/7/14,14:26:00,V001,round2,抵達 P043,"24.21500, 120.51000"
2025/7/14,14:27:00,V001,round2,配送中 (P043),"24.21500, 120.51000"
2025/7/14,14:28:00,V001,round2,配送中 (P043),"24.21500, 120.51000"
2025/7/14,14:29:00,V001,round2,配送中 (P043),"24.21500, 120.51000"
2025/7/14,14:31:00,V001,round2,從 P043 出發,"24.21500, 120.51000"
2025/7/14,14:32:00,V001,round2,移動中,"24.22063, 120.51037"
2025/7/14,14:33:00,V001,round2,移動中,"24.22721, 120.51320"
2025/7/14,14:34:00,V001,round2,移動中,"24.23380, 120.51597"
2025/7/14,14:35:00,V001,round2,移動中,"24.24034, 120.51887"
2025/7/14,14:36:00,V001,round2,移動中,"24.24690, 120.52174"
2025/7/14,14:37:00,V001,round2,移動中,"24.25347, 120.52457"
2025/7/14,14:38:00,V001,round2,移動中,"24.25992, 120.52744"
2025/7/14,14:39:00,V001,round2,移動中,"24.26651, 120.53025"
2025/7/14,14:40:00,V001,round2,移動中,"24.27309, 120.53306"
2025/7/14,14:41:00,V001,round2,移動中,"24.27961, 120.53575"
2025/7/14,14:42:00,V001,round2,移動中,"24.28619, 120.53857"
2025/7/14,14:43:00,V001,round2,移動中,"24.29130, 120.54324"
2025/7/14,14:44:00,V001,round2,移動中,"24.29317, 120.55015"
2025/7/14,14:45:00,V001,round2,移動中,"24.29505, 120.55706"
2025/7/14,14:46:00,V001,round2,移動中,"24.29695, 120.56396"
2025/7/14,14:47:00,V001,round2,移動中,"24.29884, 120.57087"
2025/7/14,14:48:00,V001,round2,移動中,"24.30071, 120.57778"
2025/7/14,14:49:00,V001,round2,移動中,"24.30259, 120.58469"
2025/7/14,14:50:00,V001,round2,移動中,"24.30435, 120.59162"
2025/7/14,14:51:00,V001,round2,移動中,"24.30604, 120.59688"
2025/7/14,14:52:00,V001,round2,移動中,"24.31036, 120.60216"
2025/7/14,14:53:00,V001,round2,移動中,"24.31658, 120.60520"
2025/7/14,14:54:00,V001,round2,移動中,"24.32343, 120.60730"
2025/7/14,14:55:00,V001,round2,移動中,"24.32949, 120.61079"
2025/7/14,14:56:00,V001,round2,移動中,"24.33481, 120.61555"
2025/7/14,14:57:00,V001,round2,移動中,"24.34111, 120.61809"
2025/7/14,14:58:00,V001,round2,移動中,"24.34816, 120.61718"
2025/7/14,14:59:00,V001,round2,抵達 P022,"24.35010, 120.62150"
2025/7/14,15:00:00,V001,round2,配送中 (P022),"24.35010, 120.62150"
2025/7/14,15:01:00,V001,round2,配送中 (P022),"24.35010, 120.62150"
2025/7/14,15:02:00,V001,round2,配送中 (P022),"24.35010, 120.62150"
2025/7/14,15:04:00,V001,round2,從 P022 出發,"24.35010, 120.62150"
2025/7/14,15:05:00,V001,round2,移動中,"24.34868, 120.62555"
2025/7/14,15:06:00,V001,round2,移動中,"24.34649, 120.62861"
2025/7/14,15:07:00,V001,round2,移動中,"24.34601, 120.63044"
2025/7/14,15:08:00,V001,round2,移動中,"24.34468, 120.63413"
2025/7/14,15:09:00,V001,round2,移動中,"24.34239, 120.63778"
2025/7/14,15:10:00,V001,round2,移動中,"24.34042, 120.64139"
2025/7/14,15:11:00,V001,round2,移動中,"24.33735, 120.64440"
2025/7/14,15:12:00,V001,round2,移動中,"24.33644, 120.64840"
2025/7/14,15:13:00,V001,round2,移動中,"24.33344, 120.65150"
2025/7/14,15:14:00,V001,round2,抵達 P023,"24.33020, 120.65340"
2025/7/14,15:15:00,V001,round2,配送中 (P023),"24.33020, 120.65340"
2025/7/14,15:16:00,V001,round2,配送中 (P023),"24.33020, 120.65340"
2025/7/14,15:17:00,V001,round2,配送中 (P023),"24.33020, 120.65340"
2025/7/14,15:19:00,V001,round2,從 P023 出發,"24.33020, 120.65340"
2025/7/14,15:20:00,V001,round2,移動中,"24.33396, 120.65108"
2025/7/14,15:21:00,V001,round2,移動中,"24.33722, 120.64721"
2025/7/14,15:22:00,V001,round2,移動中,"24.33897, 120.64288"
2025/7/14,15:23:00,V001,round2,移動中,"24.34171, 120.63886"
2025/7/14,15:24:00,V001,round2,移動中,"24.34442, 120.63455"
2025/7/14,15:25:00,V001,round2,移動中,"24.34580, 120.63025"
2025/7/14,15:26:00,V001,round2,移動中,"24.34639, 120.62775"
2025/7/14,15:27:00,V001,round2,移動中,"24.34701, 120.62366"
2025/7/14,15:28:00,V001,round2,移動中,"24.34869, 120.61885"
2025/7/14,15:29:00,V001,round2,移動中,"24.35129, 120.61456"
2025/7/14,15:30:00,V001,round2,移動中,"24.35454, 120.61063"
2025/7/14,15:31:00,V001,round2,移動中,"24.35777, 120.60670"
2025/7/14,15:32:00,V001,round2,移動中,"24.36136, 120.60323"
2025/7/14,15:33:00,V001,round2,移動中,"24.36635, 120.60240"
2025/7/14,15:34:00,V001,round2,移動中,"24.37098, 120.60044"
2025/7/14,15:35:00,V001,round2,移動中,"24.37498, 120.59730"
2025/7/14,15:36:00,V001,round2,移動中,"24.37932, 120.59724"
2025/7/14,15:37:00,V001,round2,抵達 P024,"24.38170, 120.59980"
2025/7/14,15:38:00,V001,round2,配送中 (P024),"24.38170, 120.59980"
2025/7/14,15:39:00,V001,round2,配送中 (P024),"24.38170, 120.59980"
2025/7/14,15:40:00,V001,round2,配送中 (P024),"24.38170, 120.59980"
2025/7/14,15:42:00,V001,round2,從 P024 出發,"24.38170, 120.59980"
2025/7/14,15:43:00,V001,round2,移動中,"24.38020, 120.59222"
2025/7/14,15:44:00,V001,round2,移動中,"24.37175, 120.58686"
2025/7/14,15:45:00,V001,round2,移動中,"24.36175, 120.58541"
2025/7/14,15:46:00,V001,round2,移動中,"24.35290, 120.58078"
2025/7/14,15:47:00,V001,round2,移動中,"24.34532, 120.57373"
2025/7/14,15:48:00,V001,round2,移動中,"24.33590, 120.56982"
2025/7/14,15:49:00,V001,round2,移動中,"24.32587, 120.56729"
2025/7/14,15:50:00,V001,round2,移動中,"24.31641, 120.56351"
2025/7/14,15:51:00,V001,round2,移動中,"24.30802, 120.55761"
2025/7/14,15:52:00,V001,round2,移動中,"24.29862, 120.55335"
2025/7/14,15:53:00,V001,round2,移動中,"24.29583, 120.55992"
2025/7/14,15:54:00,V001,round2,移動中,"24.29857, 120.56989"
2025/7/14,15:55:00,V001,round2,移動中,"24.30126, 120.57988"
2025/7/14,15:56:00,V001,round2,移動中,"24.30397, 120.58987"
2025/7/14,15:57:00,V001,round2,移動中,"24.30636, 120.59977"
2025/7/14,15:58:00,V001,round2,移動中,"24.30740, 120.61006"
2025/7/14,15:59:00,V001,round2,移動中,"24.30693, 120.62038"
2025/7/14,16:00:00,V001,round2,移動中,"24.30396, 120.63026"
2025/7/14,16:01:00,V001,round2,移動中,"24.29917, 120.63943"
2025/7/14,16:02:00,V001,round2,移動中,"24.29269, 120.64747"
2025/7/14,16:03:00,V001,round2,移動中,"24.28732, 120.65630"
2025/7/14,16:04:00,V001,round2,移動中,"24.28174, 120.66499"
2025/7/14,16:05:00,V001,round2,移動中,"24.27477, 120.67264"
2025/7/14,16:06:00,V001,round2,移動中,"24.27033, 120.68181"
2025/7/14,16:07:00,V001,round2,移動中,"24.26935, 120.69198"
2025/7/14,16:08:00,V001,round2,移動中,"24.25916, 120.69144"
2025/7/14,16:09:00,V001,round2,移動中,"24.24889, 120.69020"
2025/7/14,16:10:00,V001,round2,移動中,"24.23867, 120.68858"
2025/7/14,16:11:00,V001,round2,移動中,"24.22884, 120.68541"
2025/7/14,16:12:00,V001,round2,移動中,"24.22020, 120.67980"
2025/7/14,16:13:00,V001,round2,移動中,"24.21342, 120.67202"
2025/7/14,16:14:00,V001,round2,移動中,"24.20861, 120.66288"
2025/7/14,16:15:00,V001,round2,移動中,"24.20637, 120.65602"
2025/7/14,16:16:00,V001,round2,移動中,"24.19669, 120.65734"
2025/7/14,16:17:00,V001,round2,移動中,"24.18784, 120.66271"
2025/7/14,16:18:00,V001,round2,移動中,"24.17896, 120.66799"
2025/7/14,16:19:00,V001,round2,移動中,"24.16978, 120.67224"
2025/7/14,16:20:00,V001,round2,移動中,"24.15996, 120.67550"
2025/7/14,16:21:00,V001,round2,移動中,"24.14999, 120.67774"
2025/7/14,16:22:00,V001,round2,抵達 起點,"24.14690, 120.68390"
2025/7/14,08:00:00,V002,round1,從 起點 出發,"24.14690, 120.68390"
2025/7/14,08:01:00,V002,round1,抵達 P046,"24.14180, 120.68370"
2025/7/14,08:02:00,V002,round1,配送中 (P046),"24.14180, 120.68370"
2025/7/14,08:03:00,V002,round1,配送中 (P046),"24.14180, 120.68370"
2025/7/14,08:04:00,V002,round1,配送中 (P046),"24.14180, 120.68370"
2025/7/14,08:06:00,V002,round1,從 P046 出發,"24.14180, 120.68370"
2025/7/14,08:07:00,V002,round1,移動中,"24.14067, 120.68582"
2025/7/14,08:08:00,V002,round1,移動中,"24.14011, 120.68866"
2025/7/14,08:09:00,V002,round1,移動中,"24.14004, 120.69199"
2025/7/14,08:10:00,V002,round1,移動中,"24.13881, 120.69408"
2025/7/14,08:11:00,V002,round1,抵達 P004,"24.13650, 120.69500"
2025/7/14,08:12:00,V002,round1,配送中 (P004),"24.13650, 120.69500"
2025/7/14,08:13:00,V002,round1,配送中 (P004),"24.13650, 120.69500"
2025/7/14,08:14:00,V002,round1,配送中 (P004),"24.13650, 120.69500"
2025/7/14,08:16:00,V002,round1,從 P004 出發,"24.13650, 120.69500"
2025/7/14,08:16:00,V002,round1,抵達 P005,"24.13550, 120.69550"
2025/7/14,08:17:00,V002,round1,配送中 (P005),"24.13550, 120.69550"
2025/7/14,08:18:00,V002,round1,配送中 (P005),"24.13550, 120.69550"
2025/7/14,08:19:00,V002,round1,配送中 (P005),"24.13550, 120.69550"
2025/7/14,08:21:00,V002,round1,從 P005 出發,"24.13550, 120.69550"
2025/7/14,08:22:00,V002,round1,移動中,"24.13697, 120.69662"
2025/7/14,08:23:00,V002,round1,移動中,"24.14068, 120.69610"
2025/7/14,08:24:00,V002,round1,移動中,"24.14399, 120.69446"
2025/7/14,08:25:00,V002,round1,移動中,"24.14788, 120.69447"
2025/7/14,08:26:00,V002,round1,移動中,"24.15160, 120.69428"
2025/7/14,08:27:00,V002,round1,移動中,"24.15238, 120.69050"
2025/7/14,08:28:00,V002,round1,移動中,"24.15413, 120.68789"
2025/7/14,08:29:00,V002,round1,移動中,"24.15667, 120.68539"
2025/7/14,08:30:00,V002,round1,抵達 P048,"24.15800, 120.68230"
2025/7/14,08:31:00,V002,round1,配送中 (P048),"24.15800, 120.68230"
2025/7/14,08:32:00,V002,round1,配送中 (P048),"24.15800, 120.68230"
2025/7/14,08:33:00,V002,round1,配送中 (P048),"24.15800, 120.68230"
2025/7/14,08:35:00,V002,round1,從 P048 出發,"24.15800, 120.68230"
2025/7/14,08:36:00,V002,round1,移動中,"24.15933, 120.68510"
2025/7/14,08:37:00,V002,round1,移動中,"24.16336, 120.68511"
2025/7/14,08:38:00,V002,round1,移動中,"24.16701, 120.68481"
2025/7/14,08:39:00,V002,round1,移動中,"24.16709, 120.68078"
2025/7/14,08:40:00,V002,round1,抵達 P027,"24.17000, 120.68000"
2025/7/14,08:41:00,V002,round1,配送中 (P027),"24.17000, 120.68000"
2025/7/14,08:42:00,V002,round1,配送中 (P027),"24.17000, 120.68000"
2025/7/14,08:43:00,V002,round1,配送中 (P027),"24.17000, 120.68000"
2025/7/14,08:45:00,V002,round1,從 P027 出發,"24.17000, 120.68000"
2025/7/14,08:46:00,V002,round1,移動中,"24.17061, 120.68146"
2025/7/14,08:47:00,V002,round1,移動中,"24.17250, 120.68196"
2025/7/14,08:48:00,V002,round1,移動中,"24.17297, 120.68352"
2025/7/14,08:49:00,V002,round1,移動中,"24.17520, 120.68365"
2025/7/14,08:50:00,V002,round1,抵達 P015,"24.17650, 120.68430"
2025/7/14,08:51:00,V002,round1,配送中 (P015),"24.17650, 120.68430"
2025/7/14,08:52:00,V002,round1,配送中 (P015),"24.17650, 120.68430"
2025/7/14,08:53:00,V002,round1,配送中 (P015),"24.17650, 120.68430"
2025/7/14,08:55:00,V002,round1,從 P015 出發,"24.17650, 120.68430"
2025/7/14,08:56:00,V002,round1,移動中,"24.17579, 120.68577"
2025/7/14,08:57:00,V002,round1,抵達 P010,"24.17550, 120.68920"
2025/7/14,08:58:00,V002,round1,配送中 (P010),"24.17550, 120.68920"
2025/7/14,08:59:00,V002,round1,配送中 (P010),"24.17550, 120.68920"
2025/7/14,09:00:00,V002,round1,配送中 (P010),"24.17550, 120.68920"
2025/7/14,09:02:00,V002,round1,從 P010 出發,"24.17550, 120.68920"
2025/7/14,09:03:00,V002,round1,移動中,"24.17485, 120.68564"
2025/7/14,09:04:00,V002,round1,移動中,"24.17041, 120.68529"
2025/7/14,09:05:00,V002,round1,移動中,"24.16596, 120.68502"
2025/7/14,09:06:00,V002,round1,移動中,"24.16313, 120.68317"
2025/7/14,09:07:00,V002,round1,移動中,"24.16321, 120.67871"
2025/7/14,09:08:00,V002,round1,移動中,"24.16296, 120.67428"
2025/7/14,09:09:00,V002,round1,移動中,"24.16223, 120.67051"
2025/7/14,09:10:00,V002,round1,移動中,"24.15777, 120.67051"
2025/7/14,09:11:00,V002,round1,移動中,"24.15468, 120.66848"
2025/7/14,09:12:00,V002,round1,移動中,"24.15161, 120.66528"
2025/7/14,09:13:00,V002,round1,移動中,"24.15077, 120.66169"
2025/7/14,09:14:00,V002,round1,抵達 P014,"24.14780, 120.66020"
2025/7/14,09:15:00,V002,round1,配送中 (P014),"24.14780, 120.66020"
2025/7/14,09:16:00,V002,round1,配送中 (P014),"24.14780, 120.66020"
2025/7/14,09:17:00,V002,round1,配送中 (P014),"24.14780, 120.66020"
2025/7/14,09:19:00,V002,round1,從 P014 出發,"24.14780, 120.66020"
2025/7/14,09:20:00,V002,round1,移動中,"24.14672, 120.66216"
2025/7/14,09:21:00,V002,round1,抵達 P008,"24.14460, 120.66290"
2025/7/14,09:22:00,V002,round1,配送中 (P008),"24.14460, 120.66290"
2025/7/14,09:23:00,V002,round1,配送中 (P008),"24.14460, 120.66290"
2025/7/14,09:24:00,V002,round1,配送中 (P008),"24.14460, 120.66290"
2025/7/14,09:26:00,V002,round1,從 P008 出發,"24.14460, 120.66290"
2025/7/14,09:27:00,V002,round1,移動中,"24.14672, 120.66113"
2025/7/14,09:28:00,V002,round1,移動中,"24.14669, 120.65705"
2025/7/14,09:29:00,V002,round1,移動中,"24.14672, 120.65297"
2025/7/14,09:30:00,V002,round1,移動中,"24.14677, 120.64888"
2025/7/14,09:31:00,V002,round1,移動中,"24.14682, 120.64480"
2025/7/14,09:32:00,V002,round1,移動中,"24.14691, 120.64075"
2025/7/14,09:33:00,V002,round1,抵達 P030,"24.15000, 120.64000"
2025/7/14,09:34:00,V002,round1,配送中 (P030),"24.15000, 120.64000"
2025/7/14,09:35:00,V002,round1,配送中 (P030),"24.15000, 120.64000"
2025/7/14,09:36:00,V002,round1,配送中 (P030),"24.15000, 120.64000"
2025/7/14,09:38:00,V002,round1,從 P030 出發,"24.15000, 120.64000"
2025/7/14,09:39:00,V002,round1,移動中,"24.14569, 120.64061"
2025/7/14,09:40:00,V002,round1,移動中,"24.14167, 120.64002"
2025/7/14,09:41:00,V002,round1,抵達 P016,"24.14120, 120.63650"
2025/7/14,09:42:00,V002,round1,配送中 (P016),"24.14120, 120.63650"
2025/7/14,09:43:00,V002,round1,配送中 (P016),"24.14120, 120.63650"
2025/7/14,09:44:00,V002,round1,配送中 (P016),"24.14120, 120.63650"
2025/7/14,09:46:00,V002,round1,從 P016 出發,"24.14120, 120.63650"
2025/7/14,09:47:00,V002,round1,移動中,"24.14447, 120.63409"
2025/7/14,09:48:00,V002,round1,移動中,"24.14717, 120.63000"
2025/7/14,09:49:00,V002,round1,移動中,"24.14887, 120.62543"
2025/7/14,09:50:00,V002,round1,移動中,"24.15138, 120.62136"
2025/7/14,09:51:00,V002,round1,移動中,"24.15368, 120.61733"
2025/7/14,09:52:00,V002,round1,移動中,"24.15785, 120.61725"
2025/7/14,09:53:00,V002,round1,抵達 P032,"24.16000, 120.62000"
2025/7/14,09:54:00,V002,round1,配送中 (P032),"24.16000, 120.62000"
2025/7/14,09:55:00,V002,round1,配送中 (P032),"24.16000, 120.62000"
2025/7/14,09:56:00,V002,round1,配送中 (P032),"24.16000, 120.62000"
2025/7/14,09:58:00,V002,round1,從 P032 出發,"24.16000, 120.62000"
2025/7/14,09:59:00,V002,round1,移動中,"24.15961, 120.61840"
2025/7/14,10:00:00,V002,round1,移動中,"24.15782, 120.61775"
2025/7/14,10:01:00,V002,round1,移動中,"24.15578, 120.61694"
2025/7/14,10:02:00,V002,round1,移動中,"24.15366, 120.61659"
2025/7/14,10:03:00,V002,round1,移動中,"24.15372, 120.61438"
2025/7/14,10:04:00,V002,round1,移動中,"24.15440, 120.61227"
2025/7/14,10:05:00,V002,round1,移動中,"24.15508, 120.61017"
2025/7/14,10:06:00,V002,round1,移動中,"24.15633, 120.60866"
2025/7/14,10:07:00,V002,round1,移動中,"24.15839, 120.60813"
2025/7/14,10:08:00,V002,round1,移動中,"24.16045, 120.60895"
2025/7/14,10:09:00,V002,round1,移動中,"24.16234, 120.60913"
2025/7/14,10:10:00,V002,round1,移動中,"24.16370, 120.60738"
2025/7/14,10:11:00,V002,round1,移動中,"24.16494, 120.60556"
2025/7/14,10:12:00,V002,round1,移動中,"24.16508, 120.60345"
2025/7/14,10:13:00,V002,round1,移動中,"24.16664, 120.60240"
2025/7/14,10:14:00,V002,round1,移動中,"24.16834, 120.60111"
2025/7/14,10:15:00,V002,round1,抵達 P034,"24.17000, 120.60000"
2025/7/14,10:16:00,V002,round1,配送中 (P034),"24.17000, 120.60000"
2025/7/14,10:17:00,V002,round1,配送中 (P034),"24.17000, 120.60000"
2025/7/14,10:18:00,V002,round1,配送中 (P034),"24.17000, 120.60000"
2025/7/14,10:20:00,V002,round1,從 P034 出發,"24.17000, 120.60000"
2025/7/14,10:21:00,V002,round1,移動中,"24.17282, 120.59765"
2025/7/14,10:22:00,V002,round1,移動中,"24.17128, 120.59725"
2025/7/14,10:23:00,V002,round1,移動中,"24.16766, 120.59682"
2025/7/14,10:24:00,V002,round1,移動中,"24.16400, 120.59786"
2025/7/14,10:25:00,V002,round1,移動中,"24.16342, 120.59550"
2025/7/14,10:26:00,V002,round1,移動中,"24.16483, 120.59205"
2025/7/14,10:27:00,V002,round1,移動中,"24.16630, 120.58856"
2025/7/14,10:28:00,V002,round1,移動中,"24.16708, 120.58517"
2025/7/14,10:29:00,V002,round1,移動中,"24.16924, 120.58229"
2025/7/14,10:30:00,V002,round1,移動中,"24.17301, 120.58272"
2025/7/14,10:31:00,V002,round1,移動中,"24.17641, 120.58198"
2025/7/14,10:32:00,V002,round1,移動中,"24.17997, 120.58333"
2025/7/14,10:33:00,V002,round1,抵達 P036,"24.18000, 120.58000"
2025/7/14,10:34:00,V002,round1,配送中 (P036),"24.18000, 120.58000"
2025/7/14,10:35:00,V002,round1,配送中 (P036),"24.18000, 120.58000"
2025/7/14,10:36:00,V002,round1,配送中 (P036),"24.18000, 120.58000"
2025/7/14,10:38:00,V002,round1,從 P036 出發,"24.18000, 120.58000"
2025/7/14,10:39:00,V002,round1,移動中,"24.18010, 120.57630"
2025/7/14,10:40:00,V002,round1,移動中,"24.18292, 120.57445"
2025/7/14,10:41:00,V002,round1,移動中,"24.18652, 120.57194"
2025/7/14,10:42:00,V002,round1,移動中,"24.18785, 120.56998"
2025/7/14,10:43:00,V002,round1,移動中,"24.18922, 120.56794"
2025/7/14,10:44:00,V002,round1,移動中,"24.19018, 120.56414"
2025/7/14,10:45:00,V002,round1,抵達 P038,"24.19000, 120.56000"
2025/7/14,10:46:00,V002,round1,配送中 (P038),"24.19000, 120.56000"
2025/7/14,10:47:00,V002,round1,配送中 (P038),"24.19000, 120.56000"
2025/7/14,10:48:00,V002,round1,配送中 (P038),"24.19000, 120.56000"
2025/7/14,10:50:00,V002,round1,從 P038 出發,"24.19000, 120.56000"
2025/7/14,10:51:00,V002,round1,移動中,"24.19550, 120.55727"
2025/7/14,10:52:00,V002,round1,移動中,"24.19624, 120.55096"
2025/7/14,10:53:00,V002,round1,移動中,"24.19293, 120.54729"
2025/7/14,10:54:00,V002,round1,移動中,"24.19272, 120.54224"
2025/7/14,10:55:00,V002,round1,移動中,"24.19464, 120.53640"
2025/7/14,10:56:00,V002,round1,移動中,"24.20093, 120.53792"
2025/7/14,10:57:00,V002,round1,移動中,"24.20722, 120.53949"
2025/7/14,10:58:00,V002,round1,抵達 P021,"24.20960, 120.54320"
2025/7/14,10:59:00,V002,round1,配送中 (P021),"24.20960, 120.54320"
2025/7/14,11:00:00,V002,round1,配送中 (P021),"24.20960, 120.54320"
2025/7/14,11:01:00,V002,round1,配送中 (P021),"24.20960, 120.54320"
2025/7/14,11:03:00,V002,round1,從 P021 出發,"24.20960, 120.54320"
2025/7/14,11:04:00,V002,round1,移動中,"24.21261, 120.54086"
2025/7/14,11:05:00,V002,round1,移動中,"24.21776, 120.54224"
2025/7/14,11:06:00,V002,round1,移動中,"24.22286, 120.54379"
2025/7/14,11:07:00,V002,round1,移動中,"24.22741, 120.54603"
2025/7/14,11:08:00,V002,round1,移動中,"24.22940, 120.55094"
2025/7/14,11:09:00,V002,round1,移動中,"24.23198, 120.55557"
2025/7/14,11:10:00,V002,round1,移動中,"24.23426, 120.56034"
2025/7/14,11:11:00,V002,round1,抵達 P020,"24.23450, 120.56480"
2025/7/14,11:12:00,V002,round1,配送中 (P020),"24.23450, 120.56480"
2025/7/14,11:13:00,V002,round1,配送中 (P020),"24.23450, 120.56480"
2025/7/14,11:14:00,V002,round1,配送中 (P020),"24.23450, 120.56480"
2025/7/14,11:16:00,V002,round1,從 P020 出發,"24.23450, 120.56480"
2025/7/14,11:17:00,V002,round1,移動中,"24.23683, 120.56795"
2025/7/14,11:18:00,V002,round1,移動中,"24.24046, 120.57036"
2025/7/14,11:19:00,V002,round1,移動中,"24.24472, 120.57324"
2025/7/14,11:20:00,V002,round1,移動中,"24.24909, 120.57580"
2025/7/14,11:21:00,V002,round1,移動中,"24.25394, 120.57470"
2025/7/14,11:22:00,V002,round1,移動中,"24.25890, 120.57566"
2025/7/14,11:23:00,V002,round1,移動中,"24.26324, 120.57315"
2025/7/14,11:24:00,V002,round1,抵達 P019,"24.26730, 120.57390"
2025/7/14,11:25:00,V002,round1,配送中 (P019),"24.26730, 120.57390"
2025/7/14,11:26:00,V002,round1,配送中 (P019),"24.26730, 120.57390"
2025/7/14,11:27:00,V002,round1,配送中 (P019),"24.26730, 120.57390"
2025/7/14,11:29:00,V002,round1,從 P019 出發,"24.26730, 120.57390"
2025/7/14,11:30:00,V002,round1,移動中,"24.26957, 120.57108"
2025/7/14,11:31:00,V002,round1,移動中,"24.27080, 120.56600"
2025/7/14,11:32:00,V002,round1,移動中,"24.27259, 120.56082"
2025/7/14,11:33:00,V002,round1,移動中,"24.27447, 120.55566"
2025/7/14,11:34:00,V002,round1,移動中,"24.27634, 120.55049"
2025/7/14,11:35:00,V002,round1,移動中,"24.27490, 120.54681"
2025/7/14,11:36:00,V002,round1,移動中,"24.26984, 120.54474"
2025/7/14,11:37:00,V002,round1,移動中,"24.26480, 120.54257"
2025/7/14,11:38:00,V002,round1,移動中,"24.25975, 120.54040"
2025/7/14,11:39:00,V002,round1,移動中,"24.25471, 120.53823"
2025/7/14,11:40:00,V002,round1,移動中,"24.24966, 120.53606"
2025/7/14,11:41:00,V002,round1,移動中,"24.24461, 120.53392"
2025/7/14,11:42:00,V002,round1,移動中,"24.23955, 120.53177"
2025/7/14,11:43:00,V002,round1,移動中,"24.23450, 120.52960"
2025/7/14,11:44:00,V002,round1,移動中,"24.22949, 120.52739"
2025/7/14,11:45:00,V002,round1,移動中,"24.22464, 120.52499"
2025/7/14,11:46:00,V002,round1,移動中,"24.22508, 120.51984"
2025/7/14,11:47:00,V002,round1,移動中,"24.22691, 120.51468"
2025/7/14,11:48:00,V002,round1,移動中,"24.22989, 120.51137"
2025/7/14,11:49:00,V002,round1,移動中,"24.23129, 120.50655"
2025/7/14,11:50:00,V002,round1,移動中,"24.23033, 120.50236"
2025/7/14,11:51:00,V002,round1,移動中,"24.22532, 120.50011"
2025/7/14,11:52:00,V002,round1,移動中,"24.22628, 120.49534"
2025/7/14,11:53:00,V002,round1,移動中,"24.22819, 120.49019"
2025/7/14,11:54:00,V002,round1,抵達 P045,"24.22500, 120.49000"
2025/7/14,11:55:00,V002,round1,配送中 (P045),"24.22500, 120.49000"
2025/7/14,11:56:00,V002,round1,配送中 (P045),"24.22500, 120.49000"
2025/7/14,11:57:00,V002,round1,配送中 (P045),"24.22500, 120.49000"
2025/7/14,11:59:00,V002,round1,從 P045 出發,"24.22500, 120.49000"
2025/7/14,12:00:00,V002,round1,移動中,"24.22566, 120.49667"
2025/7/14,12:01:00,V002,round1,移動中,"24.22675, 120.50096"
2025/7/14,12:02:00,V002,round1,移動中,"24.23190, 120.50340"
2025/7/14,12:03:00,V002,round1,移動中,"24.23052, 120.50908"
2025/7/14,12:04:00,V002,round1,移動中,"24.22747, 120.51244"
2025/7/14,12:05:00,V002,round1,移動中,"24.22550, 120.51794"
2025/7/14,12:06:00,V002,round1,移動中,"24.22358, 120.52347"
2025/7/14,12:07:00,V002,round1,移動中,"24.22178, 120.52904"
2025/7/14,12:08:00,V002,round1,移動中,"24.22012, 120.53466"
2025/7/14,12:09:00,V002,round1,移動中,"24.21878, 120.54036"
2025/7/14,12:10:00,V002,round1,移動中,"24.21757, 120.54608"
2025/7/14,12:11:00,V002,round1,移動中,"24.21576, 120.55154"
2025/7/14,12:12:00,V002,round1,移動中,"24.21245, 120.55633"
2025/7/14,12:13:00,V002,round1,移動中,"24.20885, 120.56094"
2025/7/14,12:14:00,V002,round1,移動中,"24.20508, 120.56543"
2025/7/14,12:15:00,V002,round1,移動中,"24.20113, 120.56973"
2025/7/14,12:16:00,V002,round1,移動中,"24.19579, 120.57192"
2025/7/14,12:17:00,V002,round1,移動中,"24.19001, 120.57288"
2025/7/14,12:18:00,V002,round1,移動中,"24.18425, 120.57393"
2025/7/14,12:19:00,V002,round1,移動中,"24.17848, 120.57425"
2025/7/14,12:20:00,V002,round1,移動中,"24.17650, 120.57958"
2025/7/14,12:21:00,V002,round1,移動中,"24.17256, 120.58252"
2025/7/14,12:22:00,V002,round1,移動中,"24.16788, 120.58401"
2025/7/14,12:23:00,V002,round1,移動中,"24.16277, 120.58636"
2025/7/14,12:24:00,V002,round1,移動中,"24.15906, 120.59059"
2025/7/14,12:25:00,V002,round1,移動中,"24.15637, 120.59579"
2025/7/14,12:26:00,V002,round1,移動中,"24.15370, 120.60100"
2025/7/14,12:27:00,V002,round1,移動中,"24.15122, 120.60629"
2025/7/14,12:28:00,V002,round1,移動中,"24.15073, 120.61199"
2025/7/14,12:29:00,V002,round1,移動中,"24.14651, 120.61593"
2025/7/14,12:30:00,V002,round1,移動中,"24.14515, 120.62132"
2025/7/14,12:31:00,V002,round1,移動中,"24.14083, 120.62274"
2025/7/14,12:32:00,V002,round1,移動中,"24.13528, 120.62340"
2025/7/14,12:33:00,V002,round1,移動中,"24.13042, 120.62657"
2025/7/14,12:34:00,V002,round1,移動中,"24.12630, 120.63047"
2025/7/14,12:35:00,V002,round1,移動中,"24.12246, 120.63458"
2025/7/14,12:36:00,V002,round1,移動中,"24.12196, 120.63884"
2025/7/14,12:37:00,V002,round1,移動中,"24.12432, 120.64333"
2025/7/14,12:38:00,V002,round1,移動中,"24.12359, 120.64779"
2025/7/14,12:39:00,V002,round1,移動中,"24.11911, 120.65151"
2025/7/14,12:40:00,V002,round1,移動中,"24.11487, 120.65554"
2025/7/14,12:41:00,V002,round1,移動中,"24.11000, 120.65778"
2025/7/14,12:42:00,V002,round1,抵達 P006,"24.10730, 120.65980"
2025/7/14,12:43:00,V002,round1,配送中 (P006),"24.10730, 120.65980"
2025/7/14,12:44:00,V002,round1,配送中 (P006),"24.10730, 120.65980"
2025/7/14,12:45:00,V002,round1,配送中 (P006),"24.10730, 120.65980"
2025/7/14,12:47:00,V002,round1,從 P006 出發,"24.10730, 120.65980"
2025/7/14,12:48:00,V002,round1,移動中,"24.10814, 120.65795"
2025/7/14,12:49:00,V002,round1,移動中,"24.11008, 120.65778"
2025/7/14,12:50:00,V002,round1,移動中,"24.11292, 120.65770"
2025/7/14,12:51:00,V002,round1,移動中,"24.11322, 120.65981"
2025/7/14,12:52:00,V002,round1,移動中,"24.11331, 120.66278"
2025/7/14,12:53:00,V002,round1,移動中,"24.11391, 120.66568"
2025/7/14,12:54:00,V002,round1,移動中,"24.11454, 120.66858"
2025/7/14,12:55:00,V002,round1,移動中,"24.11554, 120.67099"
2025/7/14,12:56:00,V002,round1,抵達 P050,"24.11710, 120.67330"
2025/7/14,12:57:00,V002,round1,配送中 (P050),"24.11710, 120.67330"
2025/7/14,12:58:00,V002,round1,配送中 (P050),"24.11710, 120.67330"
2025/7/14,12:59:00,V002,round1,配送中 (P050),"24.11710, 120.67330"
2025/7/14,13:01:00,V002,round1,從 P050 出發,"24.11710, 120.67330"
2025/7/14,13:02:00,V002,round1,移動中,"24.11477, 120.67087"
2025/7/14,13:03:00,V002,round1,移動中,"24.11491, 120.67509"
2025/7/14,13:04:00,V002,round1,移動中,"24.11486, 120.67918"
2025/7/14,13:05:00,V002,round1,移動中,"24.11070, 120.67934"
2025/7/14,13:06:00,V002,round1,移動中,"24.10665, 120.68056"
2025/7/14,13:07:00,V002,round1,移動中,"24.10261, 120.68176"
2025/7/14,13:08:00,V002,round1,移動中,"24.10063, 120.68435"
2025/7/14,13:09:00,V002,round1,抵達 P017,"24.09980, 120.68740"
2025/7/14,13:10:00,V002,round1,配送中 (P017),"24.09980, 120.68740"
2025/7/14,13:11:00,V002,round1,配送中 (P017),"24.09980, 120.68740"
2025/7/14,13:12:00,V002,round1,配送中 (P017),"24.09980, 120.68740"
2025/7/14,13:14:00,V002,round1,從 P017 出發,"24.09980, 120.68740"
2025/7/14,13:15:00,V002,round1,移動中,"24.10068, 120.68356"
2025/7/14,13:16:00,V002,round1,移動中,"24.10430, 120.68141"
2025/7/14,13:17:00,V002,round1,移動中,"24.10910, 120.67996"
2025/7/14,13:18:00,V002,round1,移動中,"24.11398, 120.67921"
2025/7/14,13:19:00,V002,round1,移動中,"24.11899, 120.67939"
2025/7/14,13:20:00,V002,round1,移動中,"24.12400, 120.67941"
2025/7/14,13:21:00,V002,round1,移動中,"24.12874, 120.67822"
2025/7/14,13:22:00,V002,round1,移動中,"24.13316, 120.67588"
2025/7/14,13:23:00,V002,round1,移動中,"24.13646, 120.67338"
2025/7/14,13:24:00,V002,round1,移動中,"24.13995, 120.67699"
2025/7/14,13:25:00,V002,round1,移動中,"24.14342, 120.68061"
2025/7/14,13:26:00,V002,round1,抵達 起點,"24.14690, 120.68390"
2025/7/14,13:27:00,V002,round1,休息中,"24.14690, 120.68390"
2025/7/14,13:28:00,V002,round1,休息中,"24.14690, 120.68390"
2025/7/14,13:29:00,V002,round1,休息中,"24.14690, 120.68390"
2025/7/14,13:30:00,V002,round1,休息中,"24.14690, 120.68390"
2025/7/14,13:31:00,V002,round1,休息中,"24.14690, 120.68390"
2025/7/14,13:32:00,V002,round1,休息中,"24.14690, 120.68390"
2025/7/14,13:33:00,V002,round1,休息中,"24.14690, 120.68390"
2025/7/14,13:34:00,V002,round1,休息中,"24.14690, 120.68390"
2025/7/14,13:35:00,V002,round1,休息中,"24.14690, 120.68390"
2025/7/14,13:36:00,V002,round1,休息中,"24.14690, 120.68390"
2025/7/14,13:37:00,V002,round1,休息中,"24.14690, 120.68390"
2025/7/14,13:38:00,V002,round1,休息中,"24.14690, 120.68390"
2025/7/14,13:39:00,V002,round1,休息中,"24.14690, 120.68390"
2025/7/14,13:40:00,V002,round1,休息中,"24.14690, 120.68390"
2025/7/14,13:41:00,V002,round1,休息中,"24.14690, 120.68390"
2025/7/14,13:42:00,V002,round1,休息中,"24.14690, 120.68390"
2025/7/14,13:43:00,V002,round1,休息中,"24.14690, 120.68390"
2025/7/14,13:44:00,V002,round1,休息中,"24.14690, 120.68390"
2025/7/14,13:45:00,V002,round1,休息中,"24.14690, 120.68390"
2025/7/14,13:46:00,V002,round1,休息中,"24.14690, 120.68390"
2025/7/14,13:47:00,V002,round1,休息中,"24.14690, 120.68390"
2025/7/14,13:48:00,V002,round1,休息中,"24.14690, 120.68390"
2025/7/14,13:49:00,V002,round1,休息中,"24.14690, 120.68390"
2025/7/14,13:50:00,V002,round1,休息中,"24.14690, 120.68390"
2025/7/14,13:51:00,V002,round1,休息中,"24.14690, 120.68390"
2025/7/14,13:52:00,V002,round1,休息中,"24.14690, 120.68390"
2025/7/14,13:53:00,V002,round1,休息中,"24.14690, 120.68390"
2025/7/14,13:54:00,V002,round1,休息中,"24.14690, 120.68390"
2025/7/14,13:55:00,V002,round1,休息中,"24.14690, 120.68390"
2025/7/14,13:56:00,V002,round1,休息中,"24.14690, 120.68390"
2025/7/14,13:57:00,V002,round1,休息中,"24.14690, 120.68390"
2025/7/14,13:58:00,V002,round1,休息中,"24.14690, 120.68390"
2025/7/14,13:59:00,V002,round1,休息中,"24.14690, 120.68390"
2025/7/14,14:00:00,V002,round1,休息中,"24.14690, 120.68390"
2025/7/14,14:01:00,V002,round1,休息中,"24.14690, 120.68390"
2025/7/14,14:02:00,V002,round1,休息中,"24.14690, 120.68390"
2025/7/14,14:03:00,V002,round1,休息中,"24.14690, 120.68390"
2025/7/14,14:04:00,V002,round1,休息中,"24.14690, 120.68390"
2025/7/14,14:05:00,V002,round1,休息中,"24.14690, 120.68390"
2025/7/14,14:06:00,V002,round1,休息中,"24.14690, 120.68390"
2025/7/14,14:07:00,V002,round1,休息中,"24.14690, 120.68390"
2025/7/14,14:08:00,V002,round1,休息中,"24.14690, 120.68390"
2025/7/14,14:09:00,V002,round1,休息中,"24.14690, 120.68390"
2025/7/14,14:10:00,V002,round1,休息中,"24.14690, 120.68390"
2025/7/14,14:11:00,V002,round1,休息中,"24.14690, 120.68390"
2025/7/14,14:12:00,V002,round1,休息中,"24.14690, 120.68390"
2025/7/14,14:13:00,V002,round1,休息中,"24.14690, 120.68390"
2025/7/14,14:14:00,V002,round1,休息中,"24.14690, 120.68390"
2025/7/14,14:15:00,V002,round1,休息中,"24.14690, 120.68390"
2025/7/14,14:16:00,V002,round1,休息中,"24.14690, 120.68390"
2025/7/14,14:17:00,V002,round1,休息中,"24.14690, 120.68390"
2025/7/14,14:18:00,V002,round1,休息中,"24.14690, 120.68390"
2025/7/14,14:19:00,V002,round1,休息中,"24.14690, 120.68390"
2025/7/14,14:20:00,V002,round1,休息中,"24.14690, 120.68390"
2025/7/14,14:21:00,V002,round1,休息中,"24.14690, 120.68390"
2025/7/14,14:22:00,V002,round1,休息中,"24.14690, 120.68390"
2025/7/14,14:23:00,V002,round1,休息中,"24.14690, 120.68390"
2025/7/14,14:24:00,V002,round1,休息中,"24.14690, 120.68390"
2025/7/14,14:25:00,V002,round1,休息中,"24.14690, 120.68390"
2025/7/14,14:26:00,V002,round1,休息中,"24.14690, 120.68390"
2025/7/14,14:27:00,V002,round1,休息中,"24.14690, 120.68390"
2025/7/14,14:28:00,V002,round1,休息中,"24.14690, 120.68390"
2025/7/14,14:29:00,V002,round1,休息中,"24.14690, 120.68390"
2025/7/14,14:30:00,V002,round1,休息中,"24.14690, 120.68390"
2025/7/14,14:31:00,V002,round1,休息中,"24.14690, 120.68390"
2025/7/14,14:32:00,V002,round1,休息中,"24.14690, 120.68390"
2025/7/14,14:33:00,V002,round1,休息中,"24.14690, 120.68390"
2025/7/14,14:34:00,V002,round1,休息中,"24.14690, 120.68390"
2025/7/14,14:35:00,V002,round1,休息中,"24.14690, 120.68390"
2025/7/14,14:36:00,V002,round1,休息中,"24.14690, 120.68390"
2025/7/14,14:37:00,V002,round1,休息中,"24.14690, 120.68390"
2025/7/14,14:38:00,V002,round1,休息中,"24.14690, 120.68390"
2025/7/14,14:39:00,V002,round1,休息中,"24.14690, 120.68390"
2025/7/14,14:40:00,V002,round1,休息中,"24.14690, 120.68390"
2025/7/14,14:41:00,V002,round1,休息中,"24.14690, 120.68390"
2025/7/14,14:42:00,V002,round1,休息中,"24.14690, 120.68390"
2025/7/14,14:43:00,V002,round1,休息中,"24.14690, 120.68390"
2025/7/14,14:44:00,V002,round1,休息中,"24.14690, 120.68390"
2025/7/14,14:45:00,V002,round1,休息中,"24.14690, 120.68390"
2025/7/14,14:46:00,V002,round1,休息中,"24.14690, 120.68390"
2025/7/14,14:47:00,V002,round1,休息中,"24.14690, 120.68390"
2025/7/14,14:48:00,V002,round1,休息中,"24.14690, 120.68390"
2025/7/14,14:49:00,V002,round1,休息中,"24.14690, 120.68390"
2025/7/14,14:50:00,V002,round1,休息中,"24.14690, 120.68390"
2025/7/14,14:51:00,V002,round1,休息中,"24.14690, 120.68390"
2025/7/14,14:52:00,V002,round1,休息中,"24.14690, 120.68390"
2025/7/14,14:53:00,V002,round1,休息中,"24.14690, 120.68390"
2025/7/14,14:54:00,V002,round1,休息中,"24.14690, 120.68390"
2025/7/14,14:55:00,V002,round1,休息中,"24.14690, 120.68390"
2025/7/14,14:56:00,V002,round1,休息中,"24.14690, 120.68390"
2025/7/14,14:57:00,V002,round2,從 起點 出發,"24.14690, 120.68390"
2025/7/14,14:58:00,V002,round2,移動中,"24.14743, 120.67380"
2025/7/14,14:59:00,V002,round2,移動中,"24.15583, 120.66209"
2025/7/14,15:00:00,V002,round2,移動中,"24.16282, 120.64940"
2025/7/14,15:01:00,V002,round2,移動中,"24.17047, 120.63740"
2025/7/14,15:02:00,V002,round2,移動中,"24.17827, 120.62525"
2025/7/14,15:03:00,V002,round2,移動中,"24.18446, 120.61217"
2025/7/14,15:04:00,V002,round2,移動中,"24.18201, 120.59797"
2025/7/14,15:05:00,V002,round2,移動中,"24.18679, 120.58440"
2025/7/14,15:06:00,V002,round2,移動中,"24.18688, 120.57360"
2025/7/14,15:07:00,V002,round2,移動中,"24.20081, 120.57012"
2025/7/14,15:08:00,V002,round2,移動中,"24.21039, 120.55929"
2025/7/14,15:09:00,V002,round2,移動中,"24.21752, 120.54702"
2025/7/14,15:10:00,V002,round2,移動中,"24.20921, 120.53984"
2025/7/14,15:11:00,V002,round2,抵達 P041,"24.20500, 120.53000"
2025/7/14,15:12:00,V002,round2,配送中 (P041),"24.20500, 120.53000"
2025/7/14,15:13:00,V002,round2,配送中 (P041),"24.20500, 120.53000"
2025/7/14,15:14:00,V002,round2,配送中 (P041),"24.20500, 120.53000"
2025/7/14,15:16:00,V002,round2,從 P041 出發,"24.20500, 120.53000"
2025/7/14,15:17:00,V002,round2,移動中,"24.20818, 120.53017"
2025/7/14,15:18:00,V002,round2,移動中,"24.21158, 120.53087"
2025/7/14,15:19:00,V002,round2,移動中,"24.21261, 120.52811"
2025/7/14,15:20:00,V002,round2,移動中,"24.21375, 120.52554"
2025/7/14,15:21:00,V002,round2,移動中,"24.21573, 120.52374"
2025/7/14,15:22:00,V002,round2,移動中,"24.21707, 120.52054"
2025/7/14,15:23:00,V002,round2,移動中,"24.21808, 120.51722"
2025/7/14,15:24:00,V002,round2,移動中,"24.21899, 120.51387"
2025/7/14,15:25:00,V002,round2,移動中,"24.21859, 120.51044"
2025/7/14,15:26:00,V002,round2,移動中,"24.21915, 120.50707"
2025/7/14,15:27:00,V002,round2,移動中,"24.22021, 120.50377"
2025/7/14,15:28:00,V002,round2,抵達 P044,"24.22000, 120.50000"
2025/7/14,15:29:00,V002,round2,配送中 (P044),"24.22000, 120.50000"
2025/7/14,15:30:00,V002,round2,配送中 (P044),"24.22000, 120.50000"
2025/7/14,15:31:00,V002,round2,配送中 (P044),"24.22000, 120.50000"
2025/7/14,15:33:00,V002,round2,從 P044 出發,"24.22000, 120.50000"
2025/7/14,15:34:00,V002,round2,移動中,"24.21860, 120.50894"
2025/7/14,15:35:00,V002,round2,移動中,"24.22614, 120.51273"
2025/7/14,15:36:00,V002,round2,移動中,"24.23430, 120.51619"
2025/7/14,15:37:00,V002,round2,移動中,"24.24243, 120.51978"
2025/7/14,15:38:00,V002,round2,移動中,"24.25057, 120.52332"
2025/7/14,15:39:00,V002,round2,移動中,"24.25860, 120.52688"
2025/7/14,15:40:00,V002,round2,移動中,"24.26677, 120.53036"
2025/7/14,15:41:00,V002,round2,移動中,"24.27493, 120.53385"
2025/7/14,15:42:00,V002,round2,移動中,"24.28304, 120.53720"
2025/7/14,15:43:00,V002,round2,移動中,"24.29056, 120.54171"
2025/7/14,15:44:00,V002,round2,移動中,"24.29317, 120.55016"
2025/7/14,15:45:00,V002,round2,移動中,"24.29550, 120.55873"
2025/7/14,15:46:00,V002,round2,移動中,"24.29783, 120.56730"
2025/7/14,15:47:00,V002,round2,移動中,"24.30021, 120.57586"
2025/7/14,15:48:00,V002,round2,移動中,"24.30252, 120.58443"
2025/7/14,15:49:00,V002,round2,移動中,"24.30476, 120.59287"
2025/7/14,15:50:00,V002,round2,移動中,"24.30663, 120.60154"
2025/7/14,15:51:00,V002,round2,移動中,"24.30741, 120.61038"
2025/7/14,15:52:00,V002,round2,移動中,"24.30709, 120.61925"
2025/7/14,15:53:00,V002,round2,移動中,"24.30496, 120.62785"
2025/7/14,15:54:00,V002,round2,移動中,"24.30119, 120.63588"
2025/7/14,15:55:00,V002,round2,移動中,"24.29634, 120.64330"
2025/7/14,15:56:00,V002,round2,移動中,"24.29078, 120.65019"
2025/7/14,15:57:00,V002,round2,移動中,"24.28642, 120.65793"
2025/7/14,15:58:00,V002,round2,移動中,"24.28149, 120.66531"
2025/7/14,15:59:00,V002,round2,移動中,"24.27549, 120.67185"
2025/7/14,16:00:00,V002,round2,移動中,"24.27089, 120.67934"
2025/7/14,16:01:00,V002,round2,移動中,"24.26999, 120.68813"
2025/7/14,16:02:00,V002,round2,移動中,"24.27059, 120.69333"
2025/7/14,16:03:00,V002,round2,移動中,"24.27941, 120.69397"
2025/7/14,16:04:00,V002,round2,移動中,"24.28822, 120.69512"
2025/7/14,16:05:00,V002,round2,移動中,"24.29700, 120.69640"
2025/7/14,16:06:00,V002,round2,移動中,"24.30554, 120.69883"
2025/7/14,16:07:00,V002,round2,移動中,"24.31149, 120.70435"
2025/7/14,16:08:00,V002,round2,移動中,"24.31050, 120.71277"
2025/7/14,16:09:00,V002,round2,抵達 P025,"24.31240, 120.71760"
2025/7/14,16:10:00,V002,round2,配送中 (P025),"24.31240, 120.71760"
2025/7/14,16:11:00,V002,round2,配送中 (P025),"24.31240, 120.71760"
2025/7/14,16:12:00,V002,round2,配送中 (P025),"24.31240, 120.71760"
2025/7/14,16:14:00,V002,round2,從 P025 出發,"24.31240, 120.71760"
2025/7/14,16:15:00,V002,round2,移動中,"24.31055, 120.71246"
2025/7/14,16:16:00,V002,round2,移動中,"24.31200, 120.70407"
2025/7/14,16:17:00,V002,round2,移動中,"24.31439, 120.69738"
2025/7/14,16:18:00,V002,round2,移動中,"24.30927, 120.70009"
2025/7/14,16:19:00,V002,round2,移動中,"24.30122, 120.69732"
2025/7/14,16:20:00,V002,round2,移動中,"24.29290, 120.69554"
2025/7/14,16:21:00,V002,round2,移動中,"24.28446, 120.69445"
2025/7/14,16:22:00,V002,round2,移動中,"24.27600, 120.69340"
2025/7/14,16:23:00,V002,round2,移動中,"24.26754, 120.69242"
2025/7/14,16:24:00,V002,round2,移動中,"24.25909, 120.69143"
2025/7/14,16:25:00,V002,round2,移動中,"24.25063, 120.69041"
2025/7/14,16:26:00,V002,round2,移動中,"24.24220, 120.68924"
2025/7/14,16:27:00,V002,round2,移動中,"24.23390, 120.68735"
2025/7/14,16:28:00,V002,round2,移動中,"24.22606, 120.68405"
2025/7/14,16:29:00,V002,round2,移動中,"24.21927, 120.67894"
2025/7/14,16:30:00,V002,round2,移動中,"24.21373, 120.67249"
2025/7/14,16:31:00,V002,round2,移動中,"24.20962, 120.66504"
2025/7/14,16:32:00,V002,round2,移動中,"24.20629, 120.65725"
2025/7/14,16:33:00,V002,round2,移動中,"24.20234, 120.65695"
2025/7/14,16:34:00,V002,round2,移動中,"24.19461, 120.65866"
2025/7/14,16:35:00,V002,round2,移動中,"24.18729, 120.66303"
2025/7/14,16:36:00,V002,round2,移動中,"24.17992, 120.66727"
2025/7/14,16:37:00,V002,round2,移動中,"24.17272, 120.67154"
2025/7/14,16:38:00,V002,round2,移動中,"24.16458, 120.67399"
2025/7/14,16:39:00,V002,round2,移動中,"24.15648, 120.67664"
2025/7/14,16:40:00,V002,round2,移動中,"24.14828, 120.67839"
2025/7/14,16:41:00,V002,round2,抵達 起點,"24.14690, 120.68390"
